id_fecha_sk,fecha,anio,semestre,trimestre,mes_numero,mes_nombre,mes_corto,dia,dia_semana_numero,dia_semana_nombre,anio_mes,es_fin_de_semana
20230101,2023-01-01,2023,1,1,1,January,Jan,1,7,Sunday,2023-01,1
20230102,2023-01-02,2023,1,1,1,January,Jan,2,1,Monday,2023-01,0
20230103,2023-01-03,2023,1,1,1,January,Jan,3,2,Tuesday,2023-01,0
20230104,2023-01-04,2023,1,1,1,January,Jan,4,3,Wednesday,2023-01,0
20230105,2023-01-05,2023,1,1,1,January,Jan,5,4,Thursday,2023-01,0
20230106,2023-01-06,2023,1,1,1,January,Jan,6,5,Friday,2023-01,0
20230107,2023-01-07,2023,1,1,1,January,Jan,7,6,Saturday,2023-01,1
20230108,2023-01-08,2023,1,1,1,January,Jan,8,7,Sunday,2023-01,1
20230109,2023-01-09,2023,1,1,1,January,Jan,9,1,Monday,2023-01,0
20230110,2023-01-10,2023,1,1,1,January,Jan,10,2,Tuesday,2023-01,0
20230111,2023-01-11,2023,1,1,1,January,Jan,11,3,Wednesday,2023-01,0
20230112,2023-01-12,2023,1,1,1,January,Jan,12,4,Thursday,2023-01,0
20230113,2023-01-13,2023,1,1,1,January,Jan,13,5,Friday,2023-01,0
20230114,2023-01-14,2023,1,1,1,January,Jan,14,6,Saturday,2023-01,1
20230115,2023-01-15,2023,1,1,1,January,Jan,15,7,Sunday,2023-01,1
20230116,2023-01-16,2023,1,1,1,January,Jan,16,1,Monday,2023-01,0
20230117,2023-01-17,2023,1,1,1,January,Jan,17,2,Tuesday,2023-01,0
20230118,2023-01-18,2023,1,1,1,January,Jan,18,3,Wednesday,2023-01,0
20230119,2023-01-19,2023,1,1,1,January,Jan,19,4,Thursday,2023-01,0
20230120,2023-01-20,2023,1,1,1,January,Jan,20,5,Friday,2023-01,0
20230121,2023-01-21,2023,1,1,1,January,Jan,21,6,Saturday,2023-01,1
20230122,2023-01-22,2023,1,1,1,January,Jan,22,7,Sunday,2023-01,1
20230123,2023-01-23,2023,1,1,1,January,Jan,23,1,Monday,2023-01,0
20230124,2023-01-24,2023,1,1,1,January,Jan,24,2,Tuesday,2023-01,0
20230125,2023-01-25,2023,1,1,1,January,Jan,25,3,Wednesday,2023-01,0
20230126,2023-01-26,2023,1,1,1,January,Jan,26,4,Thursday,2023-01,0
20230127,2023-01-27,2023,1,1,1,January,Jan,27,5,Friday,2023-01,0
20230128,2023-01-28,2023,1,1,1,January,Jan,28,6,Saturday,2023-01,1
20230129,2023-01-29,2023,1,1,1,January,Jan,29,7,Sunday,2023-01,1
20230130,2023-01-30,2023,1,1,1,January,Jan,30,1,Monday,2023-01,0
20230131,2023-01-31,2023,1,1,1,January,Jan,31,2,Tuesday,2023-01,0
20230201,2023-02-01,2023,1,1,2,February,Feb,1,3,Wednesday,2023-02,0
20230202,2023-02-02,2023,1,1,2,February,Feb,2,4,Thursday,2023-02,0
20230203,2023-02-03,2023,1,1,2,February,Feb,3,5,Friday,2023-02,0
20230204,2023-02-04,2023,1,1,2,February,Feb,4,6,Saturday,2023-02,1
20230205,2023-02-05,2023,1,1,2,February,Feb,5,7,Sunday,2023-02,1
20230206,2023-02-06,2023,1,1,2,February,Feb,6,1,Monday,2023-02,0
20230207,2023-02-07,2023,1,1,2,February,Feb,7,2,Tuesday,2023-02,0
20230208,2023-02-08,2023,1,1,2,February,Feb,8,3,Wednesday,2023-02,0
20230209,2023-02-09,2023,1,1,2,February,Feb,9,4,Thursday,2023-02,0
20230210,2023-02-10,2023,1,1,2,February,Feb,10,5,Friday,2023-02,0
20230211,2023-02-11,2023,1,1,2,February,Feb,11,6,Saturday,2023-02,1
20230212,2023-02-12,2023,1,1,2,February,Feb,12,7,Sunday,2023-02,1
20230213,2023-02-13,2023,1,1,2,February,Feb,13,1,Monday,2023-02,0
20230214,2023-02-14,2023,1,1,2,February,Feb,14,2,Tuesday,2023-02,0
20230215,2023-02-15,2023,1,1,2,February,Feb,15,3,Wednesday,2023-02,0
20230216,2023-02-16,2023,1,1,2,February,Feb,16,4,Thursday,2023-02,0
20230217,2023-02-17,2023,1,1,2,February,Feb,17,5,Friday,2023-02,0
20230218,2023-02-18,2023,1,1,2,February,Feb,18,6,Saturday,2023-02,1
20230219,2023-02-19,2023,1,1,2,February,Feb,19,7,Sunday,2023-02,1
20230220,2023-02-20,2023,1,1,2,February,Feb,20,1,Monday,2023-02,0
20230221,2023-02-21,2023,1,1,2,February,Feb,21,2,Tuesday,2023-02,0
20230222,2023-02-22,2023,1,1,2,February,Feb,22,3,Wednesday,2023-02,0
20230223,2023-02-23,2023,1,1,2,February,Feb,23,4,Thursday,2023-02,0
20230224,2023-02-24,2023,1,1,2,February,Feb,24,5,Friday,2023-02,0
20230225,2023-02-25,2023,1,1,2,February,Feb,25,6,Saturday,2023-02,1
20230226,2023-02-26,2023,1,1,2,February,Feb,26,7,Sunday,2023-02,1
20230227,2023-02-27,2023,1,1,2,February,Feb,27,1,Monday,2023-02,0
20230228,2023-02-28,2023,1,1,2,February,Feb,28,2,Tuesday,2023-02,0
20230301,2023-03-01,2023,1,1,3,March,Mar,1,3,Wednesday,2023-03,0
20230302,2023-03-02,2023,1,1,3,March,Mar,2,4,Thursday,2023-03,0
20230303,2023-03-03,2023,1,1,3,March,Mar,3,5,Friday,2023-03,0
20230304,2023-03-04,2023,1,1,3,March,Mar,4,6,Saturday,2023-03,1
20230305,2023-03-05,2023,1,1,3,March,Mar,5,7,Sunday,2023-03,1
20230306,2023-03-06,2023,1,1,3,March,Mar,6,1,Monday,2023-03,0
20230307,2023-03-07,2023,1,1,3,March,Mar,7,2,Tuesday,2023-03,0
20230308,2023-03-08,2023,1,1,3,March,Mar,8,3,Wednesday,2023-03,0
20230309,2023-03-09,2023,1,1,3,March,Mar,9,4,Thursday,2023-03,0
20230310,2023-03-10,2023,1,1,3,March,Mar,10,5,Friday,2023-03,0
20230311,2023-03-11,2023,1,1,3,March,Mar,11,6,Saturday,2023-03,1
20230312,2023-03-12,2023,1,1,3,March,Mar,12,7,Sunday,2023-03,1
20230313,2023-03-13,2023,1,1,3,March,Mar,13,1,Monday,2023-03,0
20230314,2023-03-14,2023,1,1,3,March,Mar,14,2,Tuesday,2023-03,0
20230315,2023-03-15,2023,1,1,3,March,Mar,15,3,Wednesday,2023-03,0
20230316,2023-03-16,2023,1,1,3,March,Mar,16,4,Thursday,2023-03,0
20230317,2023-03-17,2023,1,1,3,March,Mar,17,5,Friday,2023-03,0
20230318,2023-03-18,2023,1,1,3,March,Mar,18,6,Saturday,2023-03,1
20230319,2023-03-19,2023,1,1,3,March,Mar,19,7,Sunday,2023-03,1
20230320,2023-03-20,2023,1,1,3,March,Mar,20,1,Monday,2023-03,0
20230321,2023-03-21,2023,1,1,3,March,Mar,21,2,Tuesday,2023-03,0
20230322,2023-03-22,2023,1,1,3,March,Mar,22,3,Wednesday,2023-03,0
20230323,2023-03-23,2023,1,1,3,March,Mar,23,4,Thursday,2023-03,0
20230324,2023-03-24,2023,1,1,3,March,Mar,24,5,Friday,2023-03,0
20230325,2023-03-25,2023,1,1,3,March,Mar,25,6,Saturday,2023-03,1
20230326,2023-03-26,2023,1,1,3,March,Mar,26,7,Sunday,2023-03,1
20230327,2023-03-27,2023,1,1,3,March,Mar,27,1,Monday,2023-03,0
20230328,2023-03-28,2023,1,1,3,March,Mar,28,2,Tuesday,2023-03,0
20230329,2023-03-29,2023,1,1,3,March,Mar,29,3,Wednesday,2023-03,0
20230330,2023-03-30,2023,1,1,3,March,Mar,30,4,Thursday,2023-03,0
20230331,2023-03-31,2023,1,1,3,March,Mar,31,5,Friday,2023-03,0
20230401,2023-04-01,2023,1,2,4,April,Apr,1,6,Saturday,2023-04,1
20230402,2023-04-02,2023,1,2,4,April,Apr,2,7,Sunday,2023-04,1
20230403,2023-04-03,2023,1,2,4,April,Apr,3,1,Monday,2023-04,0
20230404,2023-04-04,2023,1,2,4,April,Apr,4,2,Tuesday,2023-04,0
20230405,2023-04-05,2023,1,2,4,April,Apr,5,3,Wednesday,2023-04,0
20230406,2023-04-06,2023,1,2,4,April,Apr,6,4,Thursday,2023-04,0
20230407,2023-04-07,2023,1,2,4,April,Apr,7,5,Friday,2023-04,0
20230408,2023-04-08,2023,1,2,4,April,Apr,8,6,Saturday,2023-04,1
20230409,2023-04-09,2023,1,2,4,April,Apr,9,7,Sunday,2023-04,1
20230410,2023-04-10,2023,1,2,4,April,Apr,10,1,Monday,2023-04,0
20230411,2023-04-11,2023,1,2,4,April,Apr,11,2,Tuesday,2023-04,0
20230412,2023-04-12,2023,1,2,4,April,Apr,12,3,Wednesday,2023-04,0
20230413,2023-04-13,2023,1,2,4,April,Apr,13,4,Thursday,2023-04,0
20230414,2023-04-14,2023,1,2,4,April,Apr,14,5,Friday,2023-04,0
20230415,2023-04-15,2023,1,2,4,April,Apr,15,6,Saturday,2023-04,1
20230416,2023-04-16,2023,1,2,4,April,Apr,16,7,Sunday,2023-04,1
20230417,2023-04-17,2023,1,2,4,April,Apr,17,1,Monday,2023-04,0
20230418,2023-04-18,2023,1,2,4,April,Apr,18,2,Tuesday,2023-04,0
20230419,2023-04-19,2023,1,2,4,April,Apr,19,3,Wednesday,2023-04,0
20230420,2023-04-20,2023,1,2,4,April,Apr,20,4,Thursday,2023-04,0
20230421,2023-04-21,2023,1,2,4,April,Apr,21,5,Friday,2023-04,0
20230422,2023-04-22,2023,1,2,4,April,Apr,22,6,Saturday,2023-04,1
20230423,2023-04-23,2023,1,2,4,April,Apr,23,7,Sunday,2023-04,1
20230424,2023-04-24,2023,1,2,4,April,Apr,24,1,Monday,2023-04,0
20230425,2023-04-25,2023,1,2,4,April,Apr,25,2,Tuesday,2023-04,0
20230426,2023-04-26,2023,1,2,4,April,Apr,26,3,Wednesday,2023-04,0
20230427,2023-04-27,2023,1,2,4,April,Apr,27,4,Thursday,2023-04,0
20230428,2023-04-28,2023,1,2,4,April,Apr,28,5,Friday,2023-04,0
20230429,2023-04-29,2023,1,2,4,April,Apr,29,6,Saturday,2023-04,1
20230430,2023-04-30,2023,1,2,4,April,Apr,30,7,Sunday,2023-04,1
20230501,2023-05-01,2023,1,2,5,May,May,1,1,Monday,2023-05,0
20230502,2023-05-02,2023,1,2,5,May,May,2,2,Tuesday,2023-05,0
20230503,2023-05-03,2023,1,2,5,May,May,3,3,Wednesday,2023-05,0
20230504,2023-05-04,2023,1,2,5,May,May,4,4,Thursday,2023-05,0
20230505,2023-05-05,2023,1,2,5,May,May,5,5,Friday,2023-05,0
20230506,2023-05-06,2023,1,2,5,May,May,6,6,Saturday,2023-05,1
20230507,2023-05-07,2023,1,2,5,May,May,7,7,Sunday,2023-05,1
20230508,2023-05-08,2023,1,2,5,May,May,8,1,Monday,2023-05,0
20230509,2023-05-09,2023,1,2,5,May,May,9,2,Tuesday,2023-05,0
20230510,2023-05-10,2023,1,2,5,May,May,10,3,Wednesday,2023-05,0
20230511,2023-05-11,2023,1,2,5,May,May,11,4,Thursday,2023-05,0
20230512,2023-05-12,2023,1,2,5,May,May,12,5,Friday,2023-05,0
20230513,2023-05-13,2023,1,2,5,May,May,13,6,Saturday,2023-05,1
20230514,2023-05-14,2023,1,2,5,May,May,14,7,Sunday,2023-05,1
20230515,2023-05-15,2023,1,2,5,May,May,15,1,Monday,2023-05,0
20230516,2023-05-16,2023,1,2,5,May,May,16,2,Tuesday,2023-05,0
20230517,2023-05-17,2023,1,2,5,May,May,17,3,Wednesday,2023-05,0
20230518,2023-05-18,2023,1,2,5,May,May,18,4,Thursday,2023-05,0
20230519,2023-05-19,2023,1,2,5,May,May,19,5,Friday,2023-05,0
20230520,2023-05-20,2023,1,2,5,May,May,20,6,Saturday,2023-05,1
20230521,2023-05-21,2023,1,2,5,May,May,21,7,Sunday,2023-05,1
20230522,2023-05-22,2023,1,2,5,May,May,22,1,Monday,2023-05,0
20230523,2023-05-23,2023,1,2,5,May,May,23,2,Tuesday,2023-05,0
20230524,2023-05-24,2023,1,2,5,May,May,24,3,Wednesday,2023-05,0
20230525,2023-05-25,2023,1,2,5,May,May,25,4,Thursday,2023-05,0
20230526,2023-05-26,2023,1,2,5,May,May,26,5,Friday,2023-05,0
20230527,2023-05-27,2023,1,2,5,May,May,27,6,Saturday,2023-05,1
20230528,2023-05-28,2023,1,2,5,May,May,28,7,Sunday,2023-05,1
20230529,2023-05-29,2023,1,2,5,May,May,29,1,Monday,2023-05,0
20230530,2023-05-30,2023,1,2,5,May,May,30,2,Tuesday,2023-05,0
20230531,2023-05-31,2023,1,2,5,May,May,31,3,Wednesday,2023-05,0
20230601,2023-06-01,2023,1,2,6,June,Jun,1,4,Thursday,2023-06,0
20230602,2023-06-02,2023,1,2,6,June,Jun,2,5,Friday,2023-06,0
20230603,2023-06-03,2023,1,2,6,June,Jun,3,6,Saturday,2023-06,1
20230604,2023-06-04,2023,1,2,6,June,Jun,4,7,Sunday,2023-06,1
20230605,2023-06-05,2023,1,2,6,June,Jun,5,1,Monday,2023-06,0
20230606,2023-06-06,2023,1,2,6,June,Jun,6,2,Tuesday,2023-06,0
20230607,2023-06-07,2023,1,2,6,June,Jun,7,3,Wednesday,2023-06,0
20230608,2023-06-08,2023,1,2,6,June,Jun,8,4,Thursday,2023-06,0
20230609,2023-06-09,2023,1,2,6,June,Jun,9,5,Friday,2023-06,0
20230610,2023-06-10,2023,1,2,6,June,Jun,10,6,Saturday,2023-06,1
20230611,2023-06-11,2023,1,2,6,June,Jun,11,7,Sunday,2023-06,1
20230612,2023-06-12,2023,1,2,6,June,Jun,12,1,Monday,2023-06,0
20230613,2023-06-13,2023,1,2,6,June,Jun,13,2,Tuesday,2023-06,0
20230614,2023-06-14,2023,1,2,6,June,Jun,14,3,Wednesday,2023-06,0
20230615,2023-06-15,2023,1,2,6,June,Jun,15,4,Thursday,2023-06,0
20230616,2023-06-16,2023,1,2,6,June,Jun,16,5,Friday,2023-06,0
20230617,2023-06-17,2023,1,2,6,June,Jun,17,6,Saturday,2023-06,1
20230618,2023-06-18,2023,1,2,6,June,Jun,18,7,Sunday,2023-06,1
20230619,2023-06-19,2023,1,2,6,June,Jun,19,1,Monday,2023-06,0
20230620,2023-06-20,2023,1,2,6,June,Jun,20,2,Tuesday,2023-06,0
20230621,2023-06-21,2023,1,2,6,June,Jun,21,3,Wednesday,2023-06,0
20230622,2023-06-22,2023,1,2,6,June,Jun,22,4,Thursday,2023-06,0
20230623,2023-06-23,2023,1,2,6,June,Jun,23,5,Friday,2023-06,0
20230624,2023-06-24,2023,1,2,6,June,Jun,24,6,Saturday,2023-06,1
20230625,2023-06-25,2023,1,2,6,June,Jun,25,7,Sunday,2023-06,1
20230626,2023-06-26,2023,1,2,6,June,Jun,26,1,Monday,2023-06,0
20230627,2023-06-27,2023,1,2,6,June,Jun,27,2,Tuesday,2023-06,0
20230628,2023-06-28,2023,1,2,6,June,Jun,28,3,Wednesday,2023-06,0
20230629,2023-06-29,2023,1,2,6,June,Jun,29,4,Thursday,2023-06,0
20230630,2023-06-30,2023,1,2,6,June,Jun,30,5,Friday,2023-06,0
20230701,2023-07-01,2023,2,3,7,July,Jul,1,6,Saturday,2023-07,1
20230702,2023-07-02,2023,2,3,7,July,Jul,2,7,Sunday,2023-07,1
20230703,2023-07-03,2023,2,3,7,July,Jul,3,1,Monday,2023-07,0
20230704,2023-07-04,2023,2,3,7,July,Jul,4,2,Tuesday,2023-07,0
20230705,2023-07-05,2023,2,3,7,July,Jul,5,3,Wednesday,2023-07,0
20230706,2023-07-06,2023,2,3,7,July,Jul,6,4,Thursday,2023-07,0
20230707,2023-07-07,2023,2,3,7,July,Jul,7,5,Friday,2023-07,0
20230708,2023-07-08,2023,2,3,7,July,Jul,8,6,Saturday,2023-07,1
20230709,2023-07-09,2023,2,3,7,July,Jul,9,7,Sunday,2023-07,1
20230710,2023-07-10,2023,2,3,7,July,Jul,10,1,Monday,2023-07,0
20230711,2023-07-11,2023,2,3,7,July,Jul,11,2,Tuesday,2023-07,0
20230712,2023-07-12,2023,2,3,7,July,Jul,12,3,Wednesday,2023-07,0
20230713,2023-07-13,2023,2,3,7,July,Jul,13,4,Thursday,2023-07,0
20230714,2023-07-14,2023,2,3,7,July,Jul,14,5,Friday,2023-07,0
20230715,2023-07-15,2023,2,3,7,July,Jul,15,6,Saturday,2023-07,1
20230716,2023-07-16,2023,2,3,7,July,Jul,16,7,Sunday,2023-07,1
20230717,2023-07-17,2023,2,3,7,July,Jul,17,1,Monday,2023-07,0
20230718,2023-07-18,2023,2,3,7,July,Jul,18,2,Tuesday,2023-07,0
20230719,2023-07-19,2023,2,3,7,July,Jul,19,3,Wednesday,2023-07,0
20230720,2023-07-20,2023,2,3,7,July,Jul,20,4,Thursday,2023-07,0
20230721,2023-07-21,2023,2,3,7,July,Jul,21,5,Friday,2023-07,0
20230722,2023-07-22,2023,2,3,7,July,Jul,22,6,Saturday,2023-07,1
20230723,2023-07-23,2023,2,3,7,July,Jul,23,7,Sunday,2023-07,1
20230724,2023-07-24,2023,2,3,7,July,Jul,24,1,Monday,2023-07,0
20230725,2023-07-25,2023,2,3,7,July,Jul,25,2,Tuesday,2023-07,0
20230726,2023-07-26,2023,2,3,7,July,Jul,26,3,Wednesday,2023-07,0
20230727,2023-07-27,2023,2,3,7,July,Jul,27,4,Thursday,2023-07,0
20230728,2023-07-28,2023,2,3,7,July,Jul,28,5,Friday,2023-07,0
20230729,2023-07-29,2023,2,3,7,July,Jul,29,6,Saturday,2023-07,1
20230730,2023-07-30,2023,2,3,7,July,Jul,30,7,Sunday,2023-07,1
20230731,2023-07-31,2023,2,3,7,July,Jul,31,1,Monday,2023-07,0
20230801,2023-08-01,2023,2,3,8,August,Aug,1,2,Tuesday,2023-08,0
20230802,2023-08-02,2023,2,3,8,August,Aug,2,3,Wednesday,2023-08,0
20230803,2023-08-03,2023,2,3,8,August,Aug,3,4,Thursday,2023-08,0
20230804,2023-08-04,2023,2,3,8,August,Aug,4,5,Friday,2023-08,0
20230805,2023-08-05,2023,2,3,8,August,Aug,5,6,Saturday,2023-08,1
20230806,2023-08-06,2023,2,3,8,August,Aug,6,7,Sunday,2023-08,1
20230807,2023-08-07,2023,2,3,8,August,Aug,7,1,Monday,2023-08,0
20230808,2023-08-08,2023,2,3,8,August,Aug,8,2,Tuesday,2023-08,0
20230809,2023-08-09,2023,2,3,8,August,Aug,9,3,Wednesday,2023-08,0
20230810,2023-08-10,2023,2,3,8,August,Aug,10,4,Thursday,2023-08,0
20230811,2023-08-11,2023,2,3,8,August,Aug,11,5,Friday,2023-08,0
20230812,2023-08-12,2023,2,3,8,August,Aug,12,6,Saturday,2023-08,1
20230813,2023-08-13,2023,2,3,8,August,Aug,13,7,Sunday,2023-08,1
20230814,2023-08-14,2023,2,3,8,August,Aug,14,1,Monday,2023-08,0
20230815,2023-08-15,2023,2,3,8,August,Aug,15,2,Tuesday,2023-08,0
20230816,2023-08-16,2023,2,3,8,August,Aug,16,3,Wednesday,2023-08,0
20230817,2023-08-17,2023,2,3,8,August,Aug,17,4,Thursday,2023-08,0
20230818,2023-08-18,2023,2,3,8,August,Aug,18,5,Friday,2023-08,0
20230819,2023-08-19,2023,2,3,8,August,Aug,19,6,Saturday,2023-08,1
20230820,2023-08-20,2023,2,3,8,August,Aug,20,7,Sunday,2023-08,1
20230821,2023-08-21,2023,2,3,8,August,Aug,21,1,Monday,2023-08,0
20230822,2023-08-22,2023,2,3,8,August,Aug,22,2,Tuesday,2023-08,0
20230823,2023-08-23,2023,2,3,8,August,Aug,23,3,Wednesday,2023-08,0
20230824,2023-08-24,2023,2,3,8,August,Aug,24,4,Thursday,2023-08,0
20230825,2023-08-25,2023,2,3,8,August,Aug,25,5,Friday,2023-08,0
20230826,2023-08-26,2023,2,3,8,August,Aug,26,6,Saturday,2023-08,1
20230827,2023-08-27,2023,2,3,8,August,Aug,27,7,Sunday,2023-08,1
20230828,2023-08-28,2023,2,3,8,August,Aug,28,1,Monday,2023-08,0
20230829,2023-08-29,2023,2,3,8,August,Aug,29,2,Tuesday,2023-08,0
20230830,2023-08-30,2023,2,3,8,August,Aug,30,3,Wednesday,2023-08,0
20230831,2023-08-31,2023,2,3,8,August,Aug,31,4,Thursday,2023-08,0
20230901,2023-09-01,2023,2,3,9,September,Sep,1,5,Friday,2023-09,0
20230902,2023-09-02,2023,2,3,9,September,Sep,2,6,Saturday,2023-09,1
20230903,2023-09-03,2023,2,3,9,September,Sep,3,7,Sunday,2023-09,1
20230904,2023-09-04,2023,2,3,9,September,Sep,4,1,Monday,2023-09,0
20230905,2023-09-05,2023,2,3,9,September,Sep,5,2,Tuesday,2023-09,0
20230906,2023-09-06,2023,2,3,9,September,Sep,6,3,Wednesday,2023-09,0
20230907,2023-09-07,2023,2,3,9,September,Sep,7,4,Thursday,2023-09,0
20230908,2023-09-08,2023,2,3,9,September,Sep,8,5,Friday,2023-09,0
20230909,2023-09-09,2023,2,3,9,September,Sep,9,6,Saturday,2023-09,1
20230910,2023-09-10,2023,2,3,9,September,Sep,10,7,Sunday,2023-09,1
20230911,2023-09-11,2023,2,3,9,September,Sep,11,1,Monday,2023-09,0
20230912,2023-09-12,2023,2,3,9,September,Sep,12,2,Tuesday,2023-09,0
20230913,2023-09-13,2023,2,3,9,September,Sep,13,3,Wednesday,2023-09,0
20230914,2023-09-14,2023,2,3,9,September,Sep,14,4,Thursday,2023-09,0
20230915,2023-09-15,2023,2,3,9,September,Sep,15,5,Friday,2023-09,0
20230916,2023-09-16,2023,2,3,9,September,Sep,16,6,Saturday,2023-09,1
20230917,2023-09-17,2023,2,3,9,September,Sep,17,7,Sunday,2023-09,1
20230918,2023-09-18,2023,2,3,9,September,Sep,18,1,Monday,2023-09,0
20230919,2023-09-19,2023,2,3,9,September,Sep,19,2,Tuesday,2023-09,0
20230920,2023-09-20,2023,2,3,9,September,Sep,20,3,Wednesday,2023-09,0
20230921,2023-09-21,2023,2,3,9,September,Sep,21,4,Thursday,2023-09,0
20230922,2023-09-22,2023,2,3,9,September,Sep,22,5,Friday,2023-09,0
20230923,2023-09-23,2023,2,3,9,September,Sep,23,6,Saturday,2023-09,1
20230924,2023-09-24,2023,2,3,9,September,Sep,24,7,Sunday,2023-09,1
20230925,2023-09-25,2023,2,3,9,September,Sep,25,1,Monday,2023-09,0
20230926,2023-09-26,2023,2,3,9,September,Sep,26,2,Tuesday,2023-09,0
20230927,2023-09-27,2023,2,3,9,September,Sep,27,3,Wednesday,2023-09,0
20230928,2023-09-28,2023,2,3,9,September,Sep,28,4,Thursday,2023-09,0
20230929,2023-09-29,2023,2,3,9,September,Sep,29,5,Friday,2023-09,0
20230930,2023-09-30,2023,2,3,9,September,Sep,30,6,Saturday,2023-09,1
20231001,2023-10-01,2023,2,4,10,October,Oct,1,7,Sunday,2023-10,1
20231002,2023-10-02,2023,2,4,10,October,Oct,2,1,Monday,2023-10,0
20231003,2023-10-03,2023,2,4,10,October,Oct,3,2,Tuesday,2023-10,0
20231004,2023-10-04,2023,2,4,10,October,Oct,4,3,Wednesday,2023-10,0
20231005,2023-10-05,2023,2,4,10,October,Oct,5,4,Thursday,2023-10,0
20231006,2023-10-06,2023,2,4,10,October,Oct,6,5,Friday,2023-10,0
20231007,2023-10-07,2023,2,4,10,October,Oct,7,6,Saturday,2023-10,1
20231008,2023-10-08,2023,2,4,10,October,Oct,8,7,Sunday,2023-10,1
20231009,2023-10-09,2023,2,4,10,October,Oct,9,1,Monday,2023-10,0
20231010,2023-10-10,2023,2,4,10,October,Oct,10,2,Tuesday,2023-10,0
20231011,2023-10-11,2023,2,4,10,October,Oct,11,3,Wednesday,2023-10,0
20231012,2023-10-12,2023,2,4,10,October,Oct,12,4,Thursday,2023-10,0
20231013,2023-10-13,2023,2,4,10,October,Oct,13,5,Friday,2023-10,0
20231014,2023-10-14,2023,2,4,10,October,Oct,14,6,Saturday,2023-10,1
20231015,2023-10-15,2023,2,4,10,October,Oct,15,7,Sunday,2023-10,1
20231016,2023-10-16,2023,2,4,10,October,Oct,16,1,Monday,2023-10,0
20231017,2023-10-17,2023,2,4,10,October,Oct,17,2,Tuesday,2023-10,0
20231018,2023-10-18,2023,2,4,10,October,Oct,18,3,Wednesday,2023-10,0
20231019,2023-10-19,2023,2,4,10,October,Oct,19,4,Thursday,2023-10,0
20231020,2023-10-20,2023,2,4,10,October,Oct,20,5,Friday,2023-10,0
20231021,2023-10-21,2023,2,4,10,October,Oct,21,6,Saturday,2023-10,1
20231022,2023-10-22,2023,2,4,10,October,Oct,22,7,Sunday,2023-10,1
20231023,2023-10-23,2023,2,4,10,October,Oct,23,1,Monday,2023-10,0
20231024,2023-10-24,2023,2,4,10,October,Oct,24,2,Tuesday,2023-10,0
20231025,2023-10-25,2023,2,4,10,October,Oct,25,3,Wednesday,2023-10,0
20231026,2023-10-26,2023,2,4,10,October,Oct,26,4,Thursday,2023-10,0
20231027,2023-10-27,2023,2,4,10,October,Oct,27,5,Friday,2023-10,0
20231028,2023-10-28,2023,2,4,10,October,Oct,28,6,Saturday,2023-10,1
20231029,2023-10-29,2023,2,4,10,October,Oct,29,7,Sunday,2023-10,1
20231030,2023-10-30,2023,2,4,10,October,Oct,30,1,Monday,2023-10,0
20231031,2023-10-31,2023,2,4,10,October,Oct,31,2,Tuesday,2023-10,0
20231101,2023-11-01,2023,2,4,11,November,Nov,1,3,Wednesday,2023-11,0
20231102,2023-11-02,2023,2,4,11,November,Nov,2,4,Thursday,2023-11,0
20231103,2023-11-03,2023,2,4,11,November,Nov,3,5,Friday,2023-11,0
20231104,2023-11-04,2023,2,4,11,November,Nov,4,6,Saturday,2023-11,1
20231105,2023-11-05,2023,2,4,11,November,Nov,5,7,Sunday,2023-11,1
20231106,2023-11-06,2023,2,4,11,November,Nov,6,1,Monday,2023-11,0
20231107,2023-11-07,2023,2,4,11,November,Nov,7,2,Tuesday,2023-11,0
20231108,2023-11-08,2023,2,4,11,November,Nov,8,3,Wednesday,2023-11,0
20231109,2023-11-09,2023,2,4,11,November,Nov,9,4,Thursday,2023-11,0
20231110,2023-11-10,2023,2,4,11,November,Nov,10,5,Friday,2023-11,0
20231111,2023-11-11,2023,2,4,11,November,Nov,11,6,Saturday,2023-11,1
20231112,2023-11-12,2023,2,4,11,November,Nov,12,7,Sunday,2023-11,1
20231113,2023-11-13,2023,2,4,11,November,Nov,13,1,Monday,2023-11,0
20231114,2023-11-14,2023,2,4,11,November,Nov,14,2,Tuesday,2023-11,0
20231115,2023-11-15,2023,2,4,11,November,Nov,15,3,Wednesday,2023-11,0
20231116,2023-11-16,2023,2,4,11,November,Nov,16,4,Thursday,2023-11,0
20231117,2023-11-17,2023,2,4,11,November,Nov,17,5,Friday,2023-11,0
20231118,2023-11-18,2023,2,4,11,November,Nov,18,6,Saturday,2023-11,1
20231119,2023-11-19,2023,2,4,11,November,Nov,19,7,Sunday,2023-11,1
20231120,2023-11-20,2023,2,4,11,November,Nov,20,1,Monday,2023-11,0
20231121,2023-11-21,2023,2,4,11,November,Nov,21,2,Tuesday,2023-11,0
20231122,2023-11-22,2023,2,4,11,November,Nov,22,3,Wednesday,2023-11,0
20231123,2023-11-23,2023,2,4,11,November,Nov,23,4,Thursday,2023-11,0
20231124,2023-11-24,2023,2,4,11,November,Nov,24,5,Friday,2023-11,0
20231125,2023-11-25,2023,2,4,11,November,Nov,25,6,Saturday,2023-11,1
20231126,2023-11-26,2023,2,4,11,November,Nov,26,7,Sunday,2023-11,1
20231127,2023-11-27,2023,2,4,11,November,Nov,27,1,Monday,2023-11,0
20231128,2023-11-28,2023,2,4,11,November,Nov,28,2,Tuesday,2023-11,0
20231129,2023-11-29,2023,2,4,11,November,Nov,29,3,Wednesday,2023-11,0
20231130,2023-11-30,2023,2,4,11,November,Nov,30,4,Thursday,2023-11,0
20231201,2023-12-01,2023,2,4,12,December,Dec,1,5,Friday,2023-12,0
20231202,2023-12-02,2023,2,4,12,December,Dec,2,6,Saturday,2023-12,1
20231203,2023-12-03,2023,2,4,12,December,Dec,3,7,Sunday,2023-12,1
20231204,2023-12-04,2023,2,4,12,December,Dec,4,1,Monday,2023-12,0
20231205,2023-12-05,2023,2,4,12,December,Dec,5,2,Tuesday,2023-12,0
20231206,2023-12-06,2023,2,4,12,December,Dec,6,3,Wednesday,2023-12,0
20231207,2023-12-07,2023,2,4,12,December,Dec,7,4,Thursday,2023-12,0
20231208,2023-12-08,2023,2,4,12,December,Dec,8,5,Friday,2023-12,0
20231209,2023-12-09,2023,2,4,12,December,Dec,9,6,Saturday,2023-12,1
20231210,2023-12-10,2023,2,4,12,December,Dec,10,7,Sunday,2023-12,1
20231211,2023-12-11,2023,2,4,12,December,Dec,11,1,Monday,2023-12,0
20231212,2023-12-12,2023,2,4,12,December,Dec,12,2,Tuesday,2023-12,0
20231213,2023-12-13,2023,2,4,12,December,Dec,13,3,Wednesday,2023-12,0
20231214,2023-12-14,2023,2,4,12,December,Dec,14,4,Thursday,2023-12,0
20231215,2023-12-15,2023,2,4,12,December,Dec,15,5,Friday,2023-12,0
20231216,2023-12-16,2023,2,4,12,December,Dec,16,6,Saturday,2023-12,1
20231217,2023-12-17,2023,2,4,12,December,Dec,17,7,Sunday,2023-12,1
20231218,2023-12-18,2023,2,4,12,December,Dec,18,1,Monday,2023-12,0
20231219,2023-12-19,2023,2,4,12,December,Dec,19,2,Tuesday,2023-12,0
20231220,2023-12-20,2023,2,4,12,December,Dec,20,3,Wednesday,2023-12,0
20231221,2023-12-21,2023,2,4,12,December,Dec,21,4,Thursday,2023-12,0
20231222,2023-12-22,2023,2,4,12,December,Dec,22,5,Friday,2023-12,0
20231223,2023-12-23,2023,2,4,12,December,Dec,23,6,Saturday,2023-12,1
20231224,2023-12-24,2023,2,4,12,December,Dec,24,7,Sunday,2023-12,1
20231225,2023-12-25,2023,2,4,12,December,Dec,25,1,Monday,2023-12,0
20231226,2023-12-26,2023,2,4,12,December,Dec,26,2,Tuesday,2023-12,0
20231227,2023-12-27,2023,2,4,12,December,Dec,27,3,Wednesday,2023-12,0
20231228,2023-12-28,2023,2,4,12,December,Dec,28,4,Thursday,2023-12,0
20231229,2023-12-29,2023,2,4,12,December,Dec,29,5,Friday,2023-12,0
20231230,2023-12-30,2023,2,4,12,December,Dec,30,6,Saturday,2023-12,1
20231231,2023-12-31,2023,2,4,12,December,Dec,31,7,Sunday,2023-12,1
20240101,2024-01-01,2024,1,1,1,January,Jan,1,1,Monday,2024-01,0
20240102,2024-01-02,2024,1,1,1,January,Jan,2,2,Tuesday,2024-01,0
20240103,2024-01-03,2024,1,1,1,January,Jan,3,3,Wednesday,2024-01,0
20240104,2024-01-04,2024,1,1,1,January,Jan,4,4,Thursday,2024-01,0
20240105,2024-01-05,2024,1,1,1,January,Jan,5,5,Friday,2024-01,0
20240106,2024-01-06,2024,1,1,1,January,Jan,6,6,Saturday,2024-01,1
20240107,2024-01-07,2024,1,1,1,January,Jan,7,7,Sunday,2024-01,1
20240108,2024-01-08,2024,1,1,1,January,Jan,8,1,Monday,2024-01,0
20240109,2024-01-09,2024,1,1,1,January,Jan,9,2,Tuesday,2024-01,0
20240110,2024-01-10,2024,1,1,1,January,Jan,10,3,Wednesday,2024-01,0
20240111,2024-01-11,2024,1,1,1,January,Jan,11,4,Thursday,2024-01,0
20240112,2024-01-12,2024,1,1,1,January,Jan,12,5,Friday,2024-01,0
20240113,2024-01-13,2024,1,1,1,January,Jan,13,6,Saturday,2024-01,1
20240114,2024-01-14,2024,1,1,1,January,Jan,14,7,Sunday,2024-01,1
20240115,2024-01-15,2024,1,1,1,January,Jan,15,1,Monday,2024-01,0
20240116,2024-01-16,2024,1,1,1,January,Jan,16,2,Tuesday,2024-01,0
20240117,2024-01-17,2024,1,1,1,January,Jan,17,3,Wednesday,2024-01,0
20240118,2024-01-18,2024,1,1,1,January,Jan,18,4,Thursday,2024-01,0
20240119,2024-01-19,2024,1,1,1,January,Jan,19,5,Friday,2024-01,0
20240120,2024-01-20,2024,1,1,1,January,Jan,20,6,Saturday,2024-01,1
20240121,2024-01-21,2024,1,1,1,January,Jan,21,7,Sunday,2024-01,1
20240122,2024-01-22,2024,1,1,1,January,Jan,22,1,Monday,2024-01,0
20240123,2024-01-23,2024,1,1,1,January,Jan,23,2,Tuesday,2024-01,0
20240124,2024-01-24,2024,1,1,1,January,Jan,24,3,Wednesday,2024-01,0
20240125,2024-01-25,2024,1,1,1,January,Jan,25,4,Thursday,2024-01,0
20240126,2024-01-26,2024,1,1,1,January,Jan,26,5,Friday,2024-01,0
20240127,2024-01-27,2024,1,1,1,January,Jan,27,6,Saturday,2024-01,1
20240128,2024-01-28,2024,1,1,1,January,Jan,28,7,Sunday,2024-01,1
20240129,2024-01-29,2024,1,1,1,January,Jan,29,1,Monday,2024-01,0
20240130,2024-01-30,2024,1,1,1,January,Jan,30,2,Tuesday,2024-01,0
20240131,2024-01-31,2024,1,1,1,January,Jan,31,3,Wednesday,2024-01,0
20240201,2024-02-01,2024,1,1,2,February,Feb,1,4,Thursday,2024-02,0
20240202,2024-02-02,2024,1,1,2,February,Feb,2,5,Friday,2024-02,0
20240203,2024-02-03,2024,1,1,2,February,Feb,3,6,Saturday,2024-02,1
20240204,2024-02-04,2024,1,1,2,February,Feb,4,7,Sunday,2024-02,1
20240205,2024-02-05,2024,1,1,2,February,Feb,5,1,Monday,2024-02,0
20240206,2024-02-06,2024,1,1,2,February,Feb,6,2,Tuesday,2024-02,0
20240207,2024-02-07,2024,1,1,2,February,Feb,7,3,Wednesday,2024-02,0
20240208,2024-02-08,2024,1,1,2,February,Feb,8,4,Thursday,2024-02,0
20240209,2024-02-09,2024,1,1,2,February,Feb,9,5,Friday,2024-02,0
20240210,2024-02-10,2024,1,1,2,February,Feb,10,6,Saturday,2024-02,1
20240211,2024-02-11,2024,1,1,2,February,Feb,11,7,Sunday,2024-02,1
20240212,2024-02-12,2024,1,1,2,February,Feb,12,1,Monday,2024-02,0
20240213,2024-02-13,2024,1,1,2,February,Feb,13,2,Tuesday,2024-02,0
20240214,2024-02-14,2024,1,1,2,February,Feb,14,3,Wednesday,2024-02,0
20240215,2024-02-15,2024,1,1,2,February,Feb,15,4,Thursday,2024-02,0
20240216,2024-02-16,2024,1,1,2,February,Feb,16,5,Friday,2024-02,0
20240217,2024-02-17,2024,1,1,2,February,Feb,17,6,Saturday,2024-02,1
20240218,2024-02-18,2024,1,1,2,February,Feb,18,7,Sunday,2024-02,1
20240219,2024-02-19,2024,1,1,2,February,Feb,19,1,Monday,2024-02,0
20240220,2024-02-20,2024,1,1,2,February,Feb,20,2,Tuesday,2024-02,0
20240221,2024-02-21,2024,1,1,2,February,Feb,21,3,Wednesday,2024-02,0
20240222,2024-02-22,2024,1,1,2,February,Feb,22,4,Thursday,2024-02,0
20240223,2024-02-23,2024,1,1,2,February,Feb,23,5,Friday,2024-02,0
20240224,2024-02-24,2024,1,1,2,February,Feb,24,6,Saturday,2024-02,1
20240225,2024-02-25,2024,1,1,2,February,Feb,25,7,Sunday,2024-02,1
20240226,2024-02-26,2024,1,1,2,February,Feb,26,1,Monday,2024-02,0
20240227,2024-02-27,2024,1,1,2,February,Feb,27,2,Tuesday,2024-02,0
20240228,2024-02-28,2024,1,1,2,February,Feb,28,3,Wednesday,2024-02,0
20240229,2024-02-29,2024,1,1,2,February,Feb,29,4,Thursday,2024-02,0
20240301,2024-03-01,2024,1,1,3,March,Mar,1,5,Friday,2024-03,0
20240302,2024-03-02,2024,1,1,3,March,Mar,2,6,Saturday,2024-03,1
20240303,2024-03-03,2024,1,1,3,March,Mar,3,7,Sunday,2024-03,1
20240304,2024-03-04,2024,1,1,3,March,Mar,4,1,Monday,2024-03,0
20240305,2024-03-05,2024,1,1,3,March,Mar,5,2,Tuesday,2024-03,0
20240306,2024-03-06,2024,1,1,3,March,Mar,6,3,Wednesday,2024-03,0
20240307,2024-03-07,2024,1,1,3,March,Mar,7,4,Thursday,2024-03,0
20240308,2024-03-08,2024,1,1,3,March,Mar,8,5,Friday,2024-03,0
20240309,2024-03-09,2024,1,1,3,March,Mar,9,6,Saturday,2024-03,1
20240310,2024-03-10,2024,1,1,3,March,Mar,10,7,Sunday,2024-03,1
20240311,2024-03-11,2024,1,1,3,March,Mar,11,1,Monday,2024-03,0
20240312,2024-03-12,2024,1,1,3,March,Mar,12,2,Tuesday,2024-03,0
20240313,2024-03-13,2024,1,1,3,March,Mar,13,3,Wednesday,2024-03,0
20240314,2024-03-14,2024,1,1,3,March,Mar,14,4,Thursday,2024-03,0
20240315,2024-03-15,2024,1,1,3,March,Mar,15,5,Friday,2024-03,0
20240316,2024-03-16,2024,1,1,3,March,Mar,16,6,Saturday,2024-03,1
20240317,2024-03-17,2024,1,1,3,March,Mar,17,7,Sunday,2024-03,1
20240318,2024-03-18,2024,1,1,3,March,Mar,18,1,Monday,2024-03,0
20240319,2024-03-19,2024,1,1,3,March,Mar,19,2,Tuesday,2024-03,0
20240320,2024-03-20,2024,1,1,3,March,Mar,20,3,Wednesday,2024-03,0
20240321,2024-03-21,2024,1,1,3,March,Mar,21,4,Thursday,2024-03,0
20240322,2024-03-22,2024,1,1,3,March,Mar,22,5,Friday,2024-03,0
20240323,2024-03-23,2024,1,1,3,March,Mar,23,6,Saturday,2024-03,1
20240324,2024-03-24,2024,1,1,3,March,Mar,24,7,Sunday,2024-03,1
20240325,2024-03-25,2024,1,1,3,March,Mar,25,1,Monday,2024-03,0
20240326,2024-03-26,2024,1,1,3,March,Mar,26,2,Tuesday,2024-03,0
20240327,2024-03-27,2024,1,1,3,March,Mar,27,3,Wednesday,2024-03,0
20240328,2024-03-28,2024,1,1,3,March,Mar,28,4,Thursday,2024-03,0
20240329,2024-03-29,2024,1,1,3,March,Mar,29,5,Friday,2024-03,0
20240330,2024-03-30,2024,1,1,3,March,Mar,30,6,Saturday,2024-03,1
20240331,2024-03-31,2024,1,1,3,March,Mar,31,7,Sunday,2024-03,1
20240401,2024-04-01,2024,1,2,4,April,Apr,1,1,Monday,2024-04,0
20240402,2024-04-02,2024,1,2,4,April,Apr,2,2,Tuesday,2024-04,0
20240403,2024-04-03,2024,1,2,4,April,Apr,3,3,Wednesday,2024-04,0
20240404,2024-04-04,2024,1,2,4,April,Apr,4,4,Thursday,2024-04,0
20240405,2024-04-05,2024,1,2,4,April,Apr,5,5,Friday,2024-04,0
20240406,2024-04-06,2024,1,2,4,April,Apr,6,6,Saturday,2024-04,1
20240407,2024-04-07,2024,1,2,4,April,Apr,7,7,Sunday,2024-04,1
20240408,2024-04-08,2024,1,2,4,April,Apr,8,1,Monday,2024-04,0
20240409,2024-04-09,2024,1,2,4,April,Apr,9,2,Tuesday,2024-04,0
20240410,2024-04-10,2024,1,2,4,April,Apr,10,3,Wednesday,2024-04,0
20240411,2024-04-11,2024,1,2,4,April,Apr,11,4,Thursday,2024-04,0
20240412,2024-04-12,2024,1,2,4,April,Apr,12,5,Friday,2024-04,0
20240413,2024-04-13,2024,1,2,4,April,Apr,13,6,Saturday,2024-04,1
20240414,2024-04-14,2024,1,2,4,April,Apr,14,7,Sunday,2024-04,1
20240415,2024-04-15,2024,1,2,4,April,Apr,15,1,Monday,2024-04,0
20240416,2024-04-16,2024,1,2,4,April,Apr,16,2,Tuesday,2024-04,0
20240417,2024-04-17,2024,1,2,4,April,Apr,17,3,Wednesday,2024-04,0
20240418,2024-04-18,2024,1,2,4,April,Apr,18,4,Thursday,2024-04,0
20240419,2024-04-19,2024,1,2,4,April,Apr,19,5,Friday,2024-04,0
20240420,2024-04-20,2024,1,2,4,April,Apr,20,6,Saturday,2024-04,1
20240421,2024-04-21,2024,1,2,4,April,Apr,21,7,Sunday,2024-04,1
20240422,2024-04-22,2024,1,2,4,April,Apr,22,1,Monday,2024-04,0
20240423,2024-04-23,2024,1,2,4,April,Apr,23,2,Tuesday,2024-04,0
20240424,2024-04-24,2024,1,2,4,April,Apr,24,3,Wednesday,2024-04,0
20240425,2024-04-25,2024,1,2,4,April,Apr,25,4,Thursday,2024-04,0
20240426,2024-04-26,2024,1,2,4,April,Apr,26,5,Friday,2024-04,0
20240427,2024-04-27,2024,1,2,4,April,Apr,27,6,Saturday,2024-04,1
20240428,2024-04-28,2024,1,2,4,April,Apr,28,7,Sunday,2024-04,1
20240429,2024-04-29,2024,1,2,4,April,Apr,29,1,Monday,2024-04,0
20240430,2024-04-30,2024,1,2,4,April,Apr,30,2,Tuesday,2024-04,0
20240501,2024-05-01,2024,1,2,5,May,May,1,3,Wednesday,2024-05,0
20240502,2024-05-02,2024,1,2,5,May,May,2,4,Thursday,2024-05,0
20240503,2024-05-03,2024,1,2,5,May,May,3,5,Friday,2024-05,0
20240504,2024-05-04,2024,1,2,5,May,May,4,6,Saturday,2024-05,1
20240505,2024-05-05,2024,1,2,5,May,May,5,7,Sunday,2024-05,1
20240506,2024-05-06,2024,1,2,5,May,May,6,1,Monday,2024-05,0
20240507,2024-05-07,2024,1,2,5,May,May,7,2,Tuesday,2024-05,0
20240508,2024-05-08,2024,1,2,5,May,May,8,3,Wednesday,2024-05,0
20240509,2024-05-09,2024,1,2,5,May,May,9,4,Thursday,2024-05,0
20240510,2024-05-10,2024,1,2,5,May,May,10,5,Friday,2024-05,0
20240511,2024-05-11,2024,1,2,5,May,May,11,6,Saturday,2024-05,1
20240512,2024-05-12,2024,1,2,5,May,May,12,7,Sunday,2024-05,1
20240513,2024-05-13,2024,1,2,5,May,May,13,1,Monday,2024-05,0
20240514,2024-05-14,2024,1,2,5,May,May,14,2,Tuesday,2024-05,0
20240515,2024-05-15,2024,1,2,5,May,May,15,3,Wednesday,2024-05,0
20240516,2024-05-16,2024,1,2,5,May,May,16,4,Thursday,2024-05,0
20240517,2024-05-17,2024,1,2,5,May,May,17,5,Friday,2024-05,0
20240518,2024-05-18,2024,1,2,5,May,May,18,6,Saturday,2024-05,1
20240519,2024-05-19,2024,1,2,5,May,May,19,7,Sunday,2024-05,1
20240520,2024-05-20,2024,1,2,5,May,May,20,1,Monday,2024-05,0
20240521,2024-05-21,2024,1,2,5,May,May,21,2,Tuesday,2024-05,0
20240522,2024-05-22,2024,1,2,5,May,May,22,3,Wednesday,2024-05,0
20240523,2024-05-23,2024,1,2,5,May,May,23,4,Thursday,2024-05,0
20240524,2024-05-24,2024,1,2,5,May,May,24,5,Friday,2024-05,0
20240525,2024-05-25,2024,1,2,5,May,May,25,6,Saturday,2024-05,1
20240526,2024-05-26,2024,1,2,5,May,May,26,7,Sunday,2024-05,1
20240527,2024-05-27,2024,1,2,5,May,May,27,1,Monday,2024-05,0
20240528,2024-05-28,2024,1,2,5,May,May,28,2,Tuesday,2024-05,0
20240529,2024-05-29,2024,1,2,5,May,May,29,3,Wednesday,2024-05,0
20240530,2024-05-30,2024,1,2,5,May,May,30,4,Thursday,2024-05,0
20240531,2024-05-31,2024,1,2,5,May,May,31,5,Friday,2024-05,0
20240601,2024-06-01,2024,1,2,6,June,Jun,1,6,Saturday,2024-06,1
20240602,2024-06-02,2024,1,2,6,June,Jun,2,7,Sunday,2024-06,1
20240603,2024-06-03,2024,1,2,6,June,Jun,3,1,Monday,2024-06,0
20240604,2024-06-04,2024,1,2,6,June,Jun,4,2,Tuesday,2024-06,0
20240605,2024-06-05,2024,1,2,6,June,Jun,5,3,Wednesday,2024-06,0
20240606,2024-06-06,2024,1,2,6,June,Jun,6,4,Thursday,2024-06,0
20240607,2024-06-07,2024,1,2,6,June,Jun,7,5,Friday,2024-06,0
20240608,2024-06-08,2024,1,2,6,June,Jun,8,6,Saturday,2024-06,1
20240609,2024-06-09,2024,1,2,6,June,Jun,9,7,Sunday,2024-06,1
20240610,2024-06-10,2024,1,2,6,June,Jun,10,1,Monday,2024-06,0
20240611,2024-06-11,2024,1,2,6,June,Jun,11,2,Tuesday,2024-06,0
20240612,2024-06-12,2024,1,2,6,June,Jun,12,3,Wednesday,2024-06,0
20240613,2024-06-13,2024,1,2,6,June,Jun,13,4,Thursday,2024-06,0
20240614,2024-06-14,2024,1,2,6,June,Jun,14,5,Friday,2024-06,0
20240615,2024-06-15,2024,1,2,6,June,Jun,15,6,Saturday,2024-06,1
20240616,2024-06-16,2024,1,2,6,June,Jun,16,7,Sunday,2024-06,1
20240617,2024-06-17,2024,1,2,6,June,Jun,17,1,Monday,2024-06,0
20240618,2024-06-18,2024,1,2,6,June,Jun,18,2,Tuesday,2024-06,0
20240619,2024-06-19,2024,1,2,6,June,Jun,19,3,Wednesday,2024-06,0
20240620,2024-06-20,2024,1,2,6,June,Jun,20,4,Thursday,2024-06,0
20240621,2024-06-21,2024,1,2,6,June,Jun,21,5,Friday,2024-06,0
20240622,2024-06-22,2024,1,2,6,June,Jun,22,6,Saturday,2024-06,1
20240623,2024-06-23,2024,1,2,6,June,Jun,23,7,Sunday,2024-06,1
20240624,2024-06-24,2024,1,2,6,June,Jun,24,1,Monday,2024-06,0
20240625,2024-06-25,2024,1,2,6,June,Jun,25,2,Tuesday,2024-06,0
20240626,2024-06-26,2024,1,2,6,June,Jun,26,3,Wednesday,2024-06,0
20240627,2024-06-27,2024,1,2,6,June,Jun,27,4,Thursday,2024-06,0
20240628,2024-06-28,2024,1,2,6,June,Jun,28,5,Friday,2024-06,0
20240629,2024-06-29,2024,1,2,6,June,Jun,29,6,Saturday,2024-06,1
20240630,2024-06-30,2024,1,2,6,June,Jun,30,7,Sunday,2024-06,1
20240701,2024-07-01,2024,2,3,7,July,Jul,1,1,Monday,2024-07,0
20240702,2024-07-02,2024,2,3,7,July,Jul,2,2,Tuesday,2024-07,0
20240703,2024-07-03,2024,2,3,7,July,Jul,3,3,Wednesday,2024-07,0
20240704,2024-07-04,2024,2,3,7,July,Jul,4,4,Thursday,2024-07,0
20240705,2024-07-05,2024,2,3,7,July,Jul,5,5,Friday,2024-07,0
20240706,2024-07-06,2024,2,3,7,July,Jul,6,6,Saturday,2024-07,1
20240707,2024-07-07,2024,2,3,7,July,Jul,7,7,Sunday,2024-07,1
20240708,2024-07-08,2024,2,3,7,July,Jul,8,1,Monday,2024-07,0
20240709,2024-07-09,2024,2,3,7,July,Jul,9,2,Tuesday,2024-07,0
20240710,2024-07-10,2024,2,3,7,July,Jul,10,3,Wednesday,2024-07,0
20240711,2024-07-11,2024,2,3,7,July,Jul,11,4,Thursday,2024-07,0
20240712,2024-07-12,2024,2,3,7,July,Jul,12,5,Friday,2024-07,0
20240713,2024-07-13,2024,2,3,7,July,Jul,13,6,Saturday,2024-07,1
20240714,2024-07-14,2024,2,3,7,July,Jul,14,7,Sunday,2024-07,1
20240715,2024-07-15,2024,2,3,7,July,Jul,15,1,Monday,2024-07,0
20240716,2024-07-16,2024,2,3,7,July,Jul,16,2,Tuesday,2024-07,0
20240717,2024-07-17,2024,2,3,7,July,Jul,17,3,Wednesday,2024-07,0
20240718,2024-07-18,2024,2,3,7,July,Jul,18,4,Thursday,2024-07,0
20240719,2024-07-19,2024,2,3,7,July,Jul,19,5,Friday,2024-07,0
20240720,2024-07-20,2024,2,3,7,July,Jul,20,6,Saturday,2024-07,1
20240721,2024-07-21,2024,2,3,7,July,Jul,21,7,Sunday,2024-07,1
20240722,2024-07-22,2024,2,3,7,July,Jul,22,1,Monday,2024-07,0
20240723,2024-07-23,2024,2,3,7,July,Jul,23,2,Tuesday,2024-07,0
20240724,2024-07-24,2024,2,3,7,July,Jul,24,3,Wednesday,2024-07,0
20240725,2024-07-25,2024,2,3,7,July,Jul,25,4,Thursday,2024-07,0
20240726,2024-07-26,2024,2,3,7,July,Jul,26,5,Friday,2024-07,0
20240727,2024-07-27,2024,2,3,7,July,Jul,27,6,Saturday,2024-07,1
20240728,2024-07-28,2024,2,3,7,July,Jul,28,7,Sunday,2024-07,1
20240729,2024-07-29,2024,2,3,7,July,Jul,29,1,Monday,2024-07,0
20240730,2024-07-30,2024,2,3,7,July,Jul,30,2,Tuesday,2024-07,0
20240731,2024-07-31,2024,2,3,7,July,Jul,31,3,Wednesday,2024-07,0
20240801,2024-08-01,2024,2,3,8,August,Aug,1,4,Thursday,2024-08,0
20240802,2024-08-02,2024,2,3,8,August,Aug,2,5,Friday,2024-08,0
20240803,2024-08-03,2024,2,3,8,August,Aug,3,6,Saturday,2024-08,1
20240804,2024-08-04,2024,2,3,8,August,Aug,4,7,Sunday,2024-08,1
20240805,2024-08-05,2024,2,3,8,August,Aug,5,1,Monday,2024-08,0
20240806,2024-08-06,2024,2,3,8,August,Aug,6,2,Tuesday,2024-08,0
20240807,2024-08-07,2024,2,3,8,August,Aug,7,3,Wednesday,2024-08,0
20240808,2024-08-08,2024,2,3,8,August,Aug,8,4,Thursday,2024-08,0
20240809,2024-08-09,2024,2,3,8,August,Aug,9,5,Friday,2024-08,0
20240810,2024-08-10,2024,2,3,8,August,Aug,10,6,Saturday,2024-08,1
20240811,2024-08-11,2024,2,3,8,August,Aug,11,7,Sunday,2024-08,1
20240812,2024-08-12,2024,2,3,8,August,Aug,12,1,Monday,2024-08,0
20240813,2024-08-13,2024,2,3,8,August,Aug,13,2,Tuesday,2024-08,0
20240814,2024-08-14,2024,2,3,8,August,Aug,14,3,Wednesday,2024-08,0
20240815,2024-08-15,2024,2,3,8,August,Aug,15,4,Thursday,2024-08,0
20240816,2024-08-16,2024,2,3,8,August,Aug,16,5,Friday,2024-08,0
20240817,2024-08-17,2024,2,3,8,August,Aug,17,6,Saturday,2024-08,1
20240818,2024-08-18,2024,2,3,8,August,Aug,18,7,Sunday,2024-08,1
20240819,2024-08-19,2024,2,3,8,August,Aug,19,1,Monday,2024-08,0
20240820,2024-08-20,2024,2,3,8,August,Aug,20,2,Tuesday,2024-08,0
20240821,2024-08-21,2024,2,3,8,August,Aug,21,3,Wednesday,2024-08,0
20240822,2024-08-22,2024,2,3,8,August,Aug,22,4,Thursday,2024-08,0
20240823,2024-08-23,2024,2,3,8,August,Aug,23,5,Friday,2024-08,0
20240824,2024-08-24,2024,2,3,8,August,Aug,24,6,Saturday,2024-08,1
20240825,2024-08-25,2024,2,3,8,August,Aug,25,7,Sunday,2024-08,1
20240826,2024-08-26,2024,2,3,8,August,Aug,26,1,Monday,2024-08,0
20240827,2024-08-27,2024,2,3,8,August,Aug,27,2,Tuesday,2024-08,0
20240828,2024-08-28,2024,2,3,8,August,Aug,28,3,Wednesday,2024-08,0
20240829,2024-08-29,2024,2,3,8,August,Aug,29,4,Thursday,2024-08,0
20240830,2024-08-30,2024,2,3,8,August,Aug,30,5,Friday,2024-08,0
20240831,2024-08-31,2024,2,3,8,August,Aug,31,6,Saturday,2024-08,1
20240901,2024-09-01,2024,2,3,9,September,Sep,1,7,Sunday,2024-09,1
20240902,2024-09-02,2024,2,3,9,September,Sep,2,1,Monday,2024-09,0
20240903,2024-09-03,2024,2,3,9,September,Sep,3,2,Tuesday,2024-09,0
20240904,2024-09-04,2024,2,3,9,September,Sep,4,3,Wednesday,2024-09,0
20240905,2024-09-05,2024,2,3,9,September,Sep,5,4,Thursday,2024-09,0
20240906,2024-09-06,2024,2,3,9,September,Sep,6,5,Friday,2024-09,0
20240907,2024-09-07,2024,2,3,9,September,Sep,7,6,Saturday,2024-09,1
20240908,2024-09-08,2024,2,3,9,September,Sep,8,7,Sunday,2024-09,1
20240909,2024-09-09,2024,2,3,9,September,Sep,9,1,Monday,2024-09,0
20240910,2024-09-10,2024,2,3,9,September,Sep,10,2,Tuesday,2024-09,0
20240911,2024-09-11,2024,2,3,9,September,Sep,11,3,Wednesday,2024-09,0
20240912,2024-09-12,2024,2,3,9,September,Sep,12,4,Thursday,2024-09,0
20240913,2024-09-13,2024,2,3,9,September,Sep,13,5,Friday,2024-09,0
20240914,2024-09-14,2024,2,3,9,September,Sep,14,6,Saturday,2024-09,1
20240915,2024-09-15,2024,2,3,9,September,Sep,15,7,Sunday,2024-09,1
20240916,2024-09-16,2024,2,3,9,September,Sep,16,1,Monday,2024-09,0
20240917,2024-09-17,2024,2,3,9,September,Sep,17,2,Tuesday,2024-09,0
20240918,2024-09-18,2024,2,3,9,September,Sep,18,3,Wednesday,2024-09,0
20240919,2024-09-19,2024,2,3,9,September,Sep,19,4,Thursday,2024-09,0
20240920,2024-09-20,2024,2,3,9,September,Sep,20,5,Friday,2024-09,0
20240921,2024-09-21,2024,2,3,9,September,Sep,21,6,Saturday,2024-09,1
20240922,2024-09-22,2024,2,3,9,September,Sep,22,7,Sunday,2024-09,1
20240923,2024-09-23,2024,2,3,9,September,Sep,23,1,Monday,2024-09,0
20240924,2024-09-24,2024,2,3,9,September,Sep,24,2,Tuesday,2024-09,0
20240925,2024-09-25,2024,2,3,9,September,Sep,25,3,Wednesday,2024-09,0
20240926,2024-09-26,2024,2,3,9,September,Sep,26,4,Thursday,2024-09,0
20240927,2024-09-27,2024,2,3,9,September,Sep,27,5,Friday,2024-09,0
20240928,2024-09-28,2024,2,3,9,September,Sep,28,6,Saturday,2024-09,1
20240929,2024-09-29,2024,2,3,9,September,Sep,29,7,Sunday,2024-09,1
20240930,2024-09-30,2024,2,3,9,September,Sep,30,1,Monday,2024-09,0
20241001,2024-10-01,2024,2,4,10,October,Oct,1,2,Tuesday,2024-10,0
20241002,2024-10-02,2024,2,4,10,October,Oct,2,3,Wednesday,2024-10,0
20241003,2024-10-03,2024,2,4,10,October,Oct,3,4,Thursday,2024-10,0
20241004,2024-10-04,2024,2,4,10,October,Oct,4,5,Friday,2024-10,0
20241005,2024-10-05,2024,2,4,10,October,Oct,5,6,Saturday,2024-10,1
20241006,2024-10-06,2024,2,4,10,October,Oct,6,7,Sunday,2024-10,1
20241007,2024-10-07,2024,2,4,10,October,Oct,7,1,Monday,2024-10,0
20241008,2024-10-08,2024,2,4,10,October,Oct,8,2,Tuesday,2024-10,0
20241009,2024-10-09,2024,2,4,10,October,Oct,9,3,Wednesday,2024-10,0
20241010,2024-10-10,2024,2,4,10,October,Oct,10,4,Thursday,2024-10,0
20241011,2024-10-11,2024,2,4,10,October,Oct,11,5,Friday,2024-10,0
20241012,2024-10-12,2024,2,4,10,October,Oct,12,6,Saturday,2024-10,1
20241013,2024-10-13,2024,2,4,10,October,Oct,13,7,Sunday,2024-10,1
20241014,2024-10-14,2024,2,4,10,October,Oct,14,1,Monday,2024-10,0
20241015,2024-10-15,2024,2,4,10,October,Oct,15,2,Tuesday,2024-10,0
20241016,2024-10-16,2024,2,4,10,October,Oct,16,3,Wednesday,2024-10,0
20241017,2024-10-17,2024,2,4,10,October,Oct,17,4,Thursday,2024-10,0
20241018,2024-10-18,2024,2,4,10,October,Oct,18,5,Friday,2024-10,0
20241019,2024-10-19,2024,2,4,10,October,Oct,19,6,Saturday,2024-10,1
20241020,2024-10-20,2024,2,4,10,October,Oct,20,7,Sunday,2024-10,1
20241021,2024-10-21,2024,2,4,10,October,Oct,21,1,Monday,2024-10,0
20241022,2024-10-22,2024,2,4,10,October,Oct,22,2,Tuesday,2024-10,0
20241023,2024-10-23,2024,2,4,10,October,Oct,23,3,Wednesday,2024-10,0
20241024,2024-10-24,2024,2,4,10,October,Oct,24,4,Thursday,2024-10,0
20241025,2024-10-25,2024,2,4,10,October,Oct,25,5,Friday,2024-10,0
20241026,2024-10-26,2024,2,4,10,October,Oct,26,6,Saturday,2024-10,1
20241027,2024-10-27,2024,2,4,10,October,Oct,27,7,Sunday,2024-10,1
20241028,2024-10-28,2024,2,4,10,October,Oct,28,1,Monday,2024-10,0
20241029,2024-10-29,2024,2,4,10,October,Oct,29,2,Tuesday,2024-10,0
20241030,2024-10-30,2024,2,4,10,October,Oct,30,3,Wednesday,2024-10,0
20241031,2024-10-31,2024,2,4,10,October,Oct,31,4,Thursday,2024-10,0
20241101,2024-11-01,2024,2,4,11,November,Nov,1,5,Friday,2024-11,0
20241102,2024-11-02,2024,2,4,11,November,Nov,2,6,Saturday,2024-11,1
20241103,2024-11-03,2024,2,4,11,November,Nov,3,7,Sunday,2024-11,1
20241104,2024-11-04,2024,2,4,11,November,Nov,4,1,Monday,2024-11,0
20241105,2024-11-05,2024,2,4,11,November,Nov,5,2,Tuesday,2024-11,0
20241106,2024-11-06,2024,2,4,11,November,Nov,6,3,Wednesday,2024-11,0
20241107,2024-11-07,2024,2,4,11,November,Nov,7,4,Thursday,2024-11,0
20241108,2024-11-08,2024,2,4,11,November,Nov,8,5,Friday,2024-11,0
20241109,2024-11-09,2024,2,4,11,November,Nov,9,6,Saturday,2024-11,1
20241110,2024-11-10,2024,2,4,11,November,Nov,10,7,Sunday,2024-11,1
20241111,2024-11-11,2024,2,4,11,November,Nov,11,1,Monday,2024-11,0
20241112,2024-11-12,2024,2,4,11,November,Nov,12,2,Tuesday,2024-11,0
20241113,2024-11-13,2024,2,4,11,November,Nov,13,3,Wednesday,2024-11,0
20241114,2024-11-14,2024,2,4,11,November,Nov,14,4,Thursday,2024-11,0
20241115,2024-11-15,2024,2,4,11,November,Nov,15,5,Friday,2024-11,0
20241116,2024-11-16,2024,2,4,11,November,Nov,16,6,Saturday,2024-11,1
20241117,2024-11-17,2024,2,4,11,November,Nov,17,7,Sunday,2024-11,1
20241118,2024-11-18,2024,2,4,11,November,Nov,18,1,Monday,2024-11,0
20241119,2024-11-19,2024,2,4,11,November,Nov,19,2,Tuesday,2024-11,0
20241120,2024-11-20,2024,2,4,11,November,Nov,20,3,Wednesday,2024-11,0
20241121,2024-11-21,2024,2,4,11,November,Nov,21,4,Thursday,2024-11,0
20241122,2024-11-22,2024,2,4,11,November,Nov,22,5,Friday,2024-11,0
20241123,2024-11-23,2024,2,4,11,November,Nov,23,6,Saturday,2024-11,1
20241124,2024-11-24,2024,2,4,11,November,Nov,24,7,Sunday,2024-11,1
20241125,2024-11-25,2024,2,4,11,November,Nov,25,1,Monday,2024-11,0
20241126,2024-11-26,2024,2,4,11,November,Nov,26,2,Tuesday,2024-11,0
20241127,2024-11-27,2024,2,4,11,November,Nov,27,3,Wednesday,2024-11,0
20241128,2024-11-28,2024,2,4,11,November,Nov,28,4,Thursday,2024-11,0
20241129,2024-11-29,2024,2,4,11,November,Nov,29,5,Friday,2024-11,0
20241130,2024-11-30,2024,2,4,11,November,Nov,30,6,Saturday,2024-11,1
20241201,2024-12-01,2024,2,4,12,December,Dec,1,7,Sunday,2024-12,1
20241202,2024-12-02,2024,2,4,12,December,Dec,2,1,Monday,2024-12,0
20241203,2024-12-03,2024,2,4,12,December,Dec,3,2,Tuesday,2024-12,0
20241204,2024-12-04,2024,2,4,12,December,Dec,4,3,Wednesday,2024-12,0
20241205,2024-12-05,2024,2,4,12,December,Dec,5,4,Thursday,2024-12,0
20241206,2024-12-06,2024,2,4,12,December,Dec,6,5,Friday,2024-12,0
20241207,2024-12-07,2024,2,4,12,December,Dec,7,6,Saturday,2024-12,1
20241208,2024-12-08,2024,2,4,12,December,Dec,8,7,Sunday,2024-12,1
20241209,2024-12-09,2024,2,4,12,December,Dec,9,1,Monday,2024-12,0
20241210,2024-12-10,2024,2,4,12,December,Dec,10,2,Tuesday,2024-12,0
20241211,2024-12-11,2024,2,4,12,December,Dec,11,3,Wednesday,2024-12,0
20241212,2024-12-12,2024,2,4,12,December,Dec,12,4,Thursday,2024-12,0
20241213,2024-12-13,2024,2,4,12,December,Dec,13,5,Friday,2024-12,0
20241214,2024-12-14,2024,2,4,12,December,Dec,14,6,Saturday,2024-12,1
20241215,2024-12-15,2024,2,4,12,December,Dec,15,7,Sunday,2024-12,1
20241216,2024-12-16,2024,2,4,12,December,Dec,16,1,Monday,2024-12,0
20241217,2024-12-17,2024,2,4,12,December,Dec,17,2,Tuesday,2024-12,0
20241218,2024-12-18,2024,2,4,12,December,Dec,18,3,Wednesday,2024-12,0
20241219,2024-12-19,2024,2,4,12,December,Dec,19,4,Thursday,2024-12,0
20241220,2024-12-20,2024,2,4,12,December,Dec,20,5,Friday,2024-12,0
20241221,2024-12-21,2024,2,4,12,December,Dec,21,6,Saturday,2024-12,1
20241222,2024-12-22,2024,2,4,12,December,Dec,22,7,Sunday,2024-12,1
20241223,2024-12-23,2024,2,4,12,December,Dec,23,1,Monday,2024-12,0
20241224,2024-12-24,2024,2,4,12,December,Dec,24,2,Tuesday,2024-12,0
20241225,2024-12-25,2024,2,4,12,December,Dec,25,3,Wednesday,2024-12,0
20241226,2024-12-26,2024,2,4,12,December,Dec,26,4,Thursday,2024-12,0
20241227,2024-12-27,2024,2,4,12,December,Dec,27,5,Friday,2024-12,0
20241228,2024-12-28,2024,2,4,12,December,Dec,28,6,Saturday,2024-12,1
20241229,2024-12-29,2024,2,4,12,December,Dec,29,7,Sunday,2024-12,1
20241230,2024-12-30,2024,2,4,12,December,Dec,30,1,Monday,2024-12,0
20241231,2024-12-31,2024,2,4,12,December,Dec,31,2,Tuesday,2024-12,0
